Industry,SIC_code,IOC,Sector
"Growing of cereals (except rice), leguminous crops and oil seeds ",111,01,"Crop And Animal Production, Hunting And Related Service Activities  "
Growing of rice ,112,01,"Crop And Animal Production, Hunting And Related Service Activities  "
"Growing of vegetables and melons, roots and tubers ",113,01,"Crop And Animal Production, Hunting And Related Service Activities  "
Growing of sugar cane ,114,01,"Crop And Animal Production, Hunting And Related Service Activities  "
Growing of tobacco ,115,01,"Crop And Animal Production, Hunting And Related Service Activities  "
Growing of fibre crops ,116,01,"Crop And Animal Production, Hunting And Related Service Activities  "
Growing of other non-perennial crops ,119,01,"Crop And Animal Production, Hunting And Related Service Activities  "
Growing of grapes  ,121,01,"Crop And Animal Production, Hunting And Related Service Activities  "
Growing of tropical and subtropical fruits ,122,01,"Crop And Animal Production, Hunting And Related Service Activities  "
Growing of citrus fruits ,123,01,"Crop And Animal Production, Hunting And Related Service Activities  "
Growing of pome fruits and stone fruits ,124,01,"Crop And Animal Production, Hunting And Related Service Activities  "
Growing of other tree and bush fruits and nuts ,125,01,"Crop And Animal Production, Hunting And Related Service Activities  "
Growing of oleaginous fruits ,126,01,"Crop And Animal Production, Hunting And Related Service Activities  "
Growing of beverage crops  ,127,01,"Crop And Animal Production, Hunting And Related Service Activities  "
"Growing of spices, aromatic, drug and pharmaceutical crops ",128,01,"Crop And Animal Production, Hunting And Related Service Activities  "
Growing of other perennial crops ,129,01,"Crop And Animal Production, Hunting And Related Service Activities  "
Plant propagation ,130,01,"Crop And Animal Production, Hunting And Related Service Activities  "
Raising of dairy cattle  ,141,01,"Crop And Animal Production, Hunting And Related Service Activities  "
Raising of other cattle and buffaloes ,142,01,"Crop And Animal Production, Hunting And Related Service Activities  "
Raising of horses and other equines ,143,01,"Crop And Animal Production, Hunting And Related Service Activities  "
Raising of camels and camelids ,144,01,"Crop And Animal Production, Hunting And Related Service Activities  "
Raising of sheep and goats ,145,01,"Crop And Animal Production, Hunting And Related Service Activities  "
Raising of swine/pigs,146,01,"Crop And Animal Production, Hunting And Related Service Activities  "
Raising of poultry ,147,01,"Crop And Animal Production, Hunting And Related Service Activities  "
Raising of other animals  ,149,01,"Crop And Animal Production, Hunting And Related Service Activities  "
Mixed farming ,150,01,"Crop And Animal Production, Hunting And Related Service Activities  "
Support activities for crop production ,161,01,"Crop And Animal Production, Hunting And Related Service Activities  "
Support activities for animal production,162,01,"Crop And Animal Production, Hunting And Related Service Activities  "
Post-harvest crop activities ,163,01,"Crop And Animal Production, Hunting And Related Service Activities  "
Seed processing for propagation ,164,01,"Crop And Animal Production, Hunting And Related Service Activities  "
"Hunting, trapping and related service activities ",170,01,"Crop And Animal Production, Hunting And Related Service Activities  "
Silviculture and other forestry activities ,210,02,Forestry And Logging  
Logging ,220,02,Forestry And Logging  
Gathering of wild growing non-wood products ,230,02,Forestry And Logging  
Support services to forestry ,240,02,Forestry And Logging  
Marine fishing ,311,03,Fishing And Aquaculture  
Freshwater fishing ,312,03,Fishing And Aquaculture  
Marine aquaculture ,321,03,Fishing And Aquaculture  
Freshwater aquaculture ,322,03,Fishing And Aquaculture  
Mining of hard coal,510,05,Mining Of Coal And Lignite  
Mining of lignite ,520,05,Mining Of Coal And Lignite  
Extraction of crude petroleum ,610,06 & 07,Extraction Of Crude Petroleum And Natural Gas  & Mining Of Metal Ores
Extraction of natural gas ,620,06 & 07,Extraction Of Crude Petroleum And Natural Gas  & Mining Of Metal Ores
Mining of iron ores ,710,06 & 07,Extraction Of Crude Petroleum And Natural Gas  & Mining Of Metal Ores
Mining of uranium and thorium ores ,721,06 & 07,Extraction Of Crude Petroleum And Natural Gas  & Mining Of Metal Ores
Mining of other non-ferrous metal ores ,729,06 & 07,Extraction Of Crude Petroleum And Natural Gas  & Mining Of Metal Ores
"Quarrying of ornamental and building stone, limestone, gypsum, chalk and slate ",811,08,Other Mining And Quarrying  
Operation of gravel and sand pits; mining of clays and kaolin ,812,08,Other Mining And Quarrying  
Mining of chemical and fertiliser minerals,891,08,Other Mining And Quarrying  
Extraction of peat ,892,08,Other Mining And Quarrying  
Extraction of salt ,893,08,Other Mining And Quarrying  
Other mining and quarrying n.e.c. ,899,08,Other Mining And Quarrying  
Support activities for petroleum and natural gas extraction ,910,09,Mining Support Service Activities  
Support activities for other mining and quarrying ,990,09,Mining Support Service Activities  
Processing and preserving of meat ,1011,10.1,Processing and preserving of meat and production of meat products
Processing and preserving of poultry meat ,1012,10.1,Processing and preserving of meat and production of meat products
Production of meat and poultry meat products  ,1013,10.1,Processing and preserving of meat and production of meat products
"Processing and preserving of fish, crustaceans and molluscs ",1020,10.2-3,"Processing and preserving of fish, crustaceans, molluscs, fruit and vegetables"
Processing and preserving of potatoes ,1031,10.2-3,"Processing and preserving of fish, crustaceans, molluscs, fruit and vegetables"
Manufacture of fruit and vegetable juice ,1032,10.2-3,"Processing and preserving of fish, crustaceans, molluscs, fruit and vegetables"
Other processing and preserving of fruit and vegetables  ,1039,10.2-3,"Processing and preserving of fish, crustaceans, molluscs, fruit and vegetables"
Manufacture of oils and fats ,1041,10.4,Manufacture of vegetable and animal oils and fats
Manufacture of margarine and similar edible fats  ,1042,10.4,Manufacture of vegetable and animal oils and fats
Operation of dairies and cheese making ,1051,10.5,Manufacture of dairy products
Manufacture of ice cream ,1052,10.5,Manufacture of dairy products
Manufacture of grain mill products ,1061,10.6,"Manufacture of grain mill products, starches and starch products"
Manufacture of starches and starch products ,1062,10.6,"Manufacture of grain mill products, starches and starch products"
Manufacture of bread; manufacture of fresh pastry goods and cakes ,1071,10.7,Manufacture of bakery and farinaceous products
Manufacture of rusks and biscuits; manufacture of preserved pastry goods and cakes ,1072,10.7,Manufacture of bakery and farinaceous products
"Manufacture of macaroni, noodles, couscous and similar farinaceous products",1073,10.7,Manufacture of bakery and farinaceous products
Manufacture of sugar,1081,10.8,Manufacture of other food products
"Manufacture of cocoa, chocolate and sugar confectionery",1082,10.8,Manufacture of other food products
Processing of tea and coffee ,1083,10.8,Manufacture of other food products
Manufacture of condiments and seasonings ,1084,10.8,Manufacture of other food products
Manufacture of prepared meals and dishes ,1085,10.8,Manufacture of other food products
Manufacture of homogenised food preparations and dietetic food ,1086,10.8,Manufacture of other food products
Manufacture of other food products n.e.c. ,1089,10.8,Manufacture of other food products
Manufacture of prepared feeds for farm animals ,1091,10.9,Manufacture of prepared animal feeds
Manufacture of prepared pet foods ,1092,10.9,Manufacture of prepared animal feeds
"Distilling, rectifying and blending of spirits",1101,11.01-6,Manufacture of alcoholic beverages
Manufacture of wine from grape  ,1102,11.01-6,Manufacture of alcoholic beverages
Manufacture of cider and other fruit wines ,1103,11.01-6,Manufacture of alcoholic beverages
Manufacture of other non-distilled fermented beverages ,1104,11.01-6,Manufacture of alcoholic beverages
Manufacture of beer ,1105,11.01-6,Manufacture of alcoholic beverages
Manufacture of malt ,1106,11.01-6,Manufacture of alcoholic beverages
Manufacture of soft drinks; production of mineral waters and other bottled waters ,1107,11.07,Manufacture of soft drinks; production of mineral waters and other bottled waters
Manufacture of tobacco products ,1200,12,Manufacture Of Tobacco Products  
Preparation and spinning of textile fibres ,1310,13,Manufacture Of Textiles  
Weaving of textiles  ,1320,13,Manufacture Of Textiles  
Finishing of textiles ,1330,13,Manufacture Of Textiles  
Manufacture of knitted and crocheted fabrics  ,1391,13,Manufacture Of Textiles  
"Manufacture of made-up textile articles, except apparel",1392,13,Manufacture Of Textiles  
Manufacture of carpets and rugs,1393,13,Manufacture Of Textiles  
"Manufacture of cordage, rope, twine and netting",1394,13,Manufacture Of Textiles  
"Manufacture of non-wovens and articles made from non-wovens, except apparel",1395,13,Manufacture Of Textiles  
Manufacture of other technical and industrial textiles,1396,13,Manufacture Of Textiles  
Manufacture of other textiles n.e.c.,1399,13,Manufacture Of Textiles  
Manufacture of leather clothes  ,1411,14,Manufacture Of Wearing Apparel  
Manufacture of workwear ,1412,14,Manufacture Of Wearing Apparel  
Manufacture of other outerwear,1413,14,Manufacture Of Wearing Apparel  
Manufacture of underwear ,1414,14,Manufacture Of Wearing Apparel  
Manufacture of other wearing apparel and accessories ,1419,14,Manufacture Of Wearing Apparel  
Manufacture of articles of fur ,1420,14,Manufacture Of Wearing Apparel  
Manufacture of knitted and crocheted hosiery ,1431,14,Manufacture Of Wearing Apparel  
Manufacture of other knitted and crocheted apparel,1439,14,Manufacture Of Wearing Apparel  
Tanning and dressing of leather; dressing and dyeing of fur ,1511,15,Manufacture Of Leather And Related Products  
"Manufacture of luggage, handbags and the like, saddlery and harness ",1512,15,Manufacture Of Leather And Related Products  
Manufacture of footwear ,1520,15,Manufacture Of Leather And Related Products  
Sawmilling and planing of wood ,1610,16,"Manufacture Of Wood & Products Of Wood & Cork, Except Furniture; Manuf. Of Articles Of Straw"
Manufacture of veneer sheets and wood-based panels,1621,16,"Manufacture Of Wood & Products Of Wood & Cork, Except Furniture; Manuf. Of Articles Of Straw"
Manufacture of assembled parquet floors ,1622,16,"Manufacture Of Wood & Products Of Wood & Cork, Except Furniture; Manuf. Of Articles Of Straw"
Manufacture of other builders' carpentry and joinery ,1623,16,"Manufacture Of Wood & Products Of Wood & Cork, Except Furniture; Manuf. Of Articles Of Straw"
Manufacture of wooden containers  ,1624,16,"Manufacture Of Wood & Products Of Wood & Cork, Except Furniture; Manuf. Of Articles Of Straw"
"Manufacture of other products of wood; manufacture of articles of cork, straw and plaiting materials ",1629,16,"Manufacture Of Wood & Products Of Wood & Cork, Except Furniture; Manuf. Of Articles Of Straw"
Manufacture of pulp  ,1711,17,Manufacture Of Paper And Paper Products  
Manufacture of paper and paperboard ,1712,17,Manufacture Of Paper And Paper Products  
Manufacture of corrugated paper and paperboard and of containers of paper and paperboard,1721,17,Manufacture Of Paper And Paper Products  
Manufacture of household and sanitary goods and of toilet requisites ,1722,17,Manufacture Of Paper And Paper Products  
Manufacture of paper stationery ,1723,17,Manufacture Of Paper And Paper Products  
Manufacture of wallpaper ,1724,17,Manufacture Of Paper And Paper Products  
Manufacture of other articles of paper and paperboard n.e.c. ,1729,17,Manufacture Of Paper And Paper Products  
Printing of newspapers ,1811,18,Printing And Reproduction Of Recorded Media  
Other printing ,1812,18,Printing And Reproduction Of Recorded Media  
Pre-press and pre-media services,1813,18,Printing And Reproduction Of Recorded Media  
Binding and related services  ,1814,18,Printing And Reproduction Of Recorded Media  
Reproduction of recorded media,1820,18,Printing And Reproduction Of Recorded Media  
Manufacture of coke oven products ,1910,19,Manufacture Of Coke And Refined Petroleum Products  
Manufacture of refined petroleum products ,1920,19,Manufacture Of Coke And Refined Petroleum Products  
Manufacture of industrial gases ,2011,20A,"Manufacture of industrial gases, inorganics and fertilisers (inorganic chemicals) - 20.11/13/15"
Manufacture of dyes and pigments ,2012,20C,"Manufacture of dyestuffs, agro-chemicals - 20.12/20"
Manufacture of other inorganic basic chemicals ,2013,20A,"Manufacture of industrial gases, inorganics and fertilisers (inorganic chemicals) - 20.11/13/15"
Manufacture of other organic basic chemicals ,2014,20B,Manufacture of petrochemicals - 20.14/16/17/60
Manufacture of fertilisers and nitrogen compounds,2015,20A,"Manufacture of industrial gases, inorganics and fertilisers (inorganic chemicals) - 20.11/13/15"
Manufacture of plastics in primary forms,2016,20B,Manufacture of petrochemicals - 20.14/16/17/60
Manufacture of synthetic rubber in primary forms  ,2017,20B,Manufacture of petrochemicals - 20.14/16/17/60
Manufacture of pesticides and other agrochemical products ,2020,20C,"Manufacture of dyestuffs, agro-chemicals - 20.12/20"
"Manufacture of paints, varnishes and similar coatings, printing ink and mastics ",2030,20.3,"Manufacture of paints, varnishes and similar coatings, printing ink and mastics"
"Manufacture of soap and detergents, cleaning and polishing preparations ",2041,20.4,"Manufacture of soap & detergents, cleaning & polishing, perfumes & toilet preparations"
Manufacture of perfumes and toilet preparations ,2042,20.4,"Manufacture of soap & detergents, cleaning & polishing, perfumes & toilet preparations"
Manufacture of explosives ,2051,20.5,Manufacture of other chemical products
Manufacture of glues,2052,20.5,Manufacture of other chemical products
Manufacture of essential oils  ,2053,20.5,Manufacture of other chemical products
Manufacture of other chemical products n.e.c.,2059,20.5,Manufacture of other chemical products
Manufacture of man-made fibres ,2060,20B,Manufacture of petrochemicals - 20.14/16/17/60
Manufacture of basic pharmaceutical products ,2110,21,Manufacture Of Basic Pharmaceutical Products And Pharmaceutical Preparations
Manufacture of pharmaceutical preparations  ,2120,21,Manufacture Of Basic Pharmaceutical Products And Pharmaceutical Preparations
Manufacture of rubber tyres and tubes; retreading and rebuilding of rubber tyres ,2211,22,Manufacture Of Rubber And Plastic Products  
Manufacture of other rubber products ,2219,22,Manufacture Of Rubber And Plastic Products  
"Manufacture of plastic plates, sheets, tubes and profiles ",2221,22,Manufacture Of Rubber And Plastic Products  
Manufacture of plastic packing goods  ,2222,22,Manufacture Of Rubber And Plastic Products  
Manufacture of builders’ ware of plastic ,2223,22,Manufacture Of Rubber And Plastic Products  
Manufacture of other plastic products ,2229,22,Manufacture Of Rubber And Plastic Products  
Manufacture of flat glass ,2311,23OTHER,"Manufacture of glass, refractory, clay, porcelain, ceramic, stone products - 23.1-4/7-9"
Shaping and processing of flat glass ,2312,23OTHER,"Manufacture of glass, refractory, clay, porcelain, ceramic, stone products - 23.1-4/7-9"
Manufacture of hollow glass ,2313,23OTHER,"Manufacture of glass, refractory, clay, porcelain, ceramic, stone products - 23.1-4/7-9"
Manufacture of glass fibres ,2314,23OTHER,"Manufacture of glass, refractory, clay, porcelain, ceramic, stone products - 23.1-4/7-9"
"Manufacture and processing of other glass, including technical glassware ",2319,23OTHER,"Manufacture of glass, refractory, clay, porcelain, ceramic, stone products - 23.1-4/7-9"
Manufacture of refractory products  ,2320,23OTHER,"Manufacture of glass, refractory, clay, porcelain, ceramic, stone products - 23.1-4/7-9"
Manufacture of ceramic tiles and flags ,2331,23OTHER,"Manufacture of glass, refractory, clay, porcelain, ceramic, stone products - 23.1-4/7-9"
"Manufacture of bricks, tiles and construction products, in baked clay ",2332,23OTHER,"Manufacture of glass, refractory, clay, porcelain, ceramic, stone products - 23.1-4/7-9"
Manufacture of ceramic household and ornamental articles ,2341,23OTHER,"Manufacture of glass, refractory, clay, porcelain, ceramic, stone products - 23.1-4/7-9"
Manufacture of ceramic sanitary fixtures  ,2342,23OTHER,"Manufacture of glass, refractory, clay, porcelain, ceramic, stone products - 23.1-4/7-9"
Manufacture of ceramic insulators and insulating fittings  ,2343,23OTHER,"Manufacture of glass, refractory, clay, porcelain, ceramic, stone products - 23.1-4/7-9"
Manufacture of other technical ceramic products ,2344,23OTHER,"Manufacture of glass, refractory, clay, porcelain, ceramic, stone products - 23.1-4/7-9"
Manufacture of other ceramic products ,2349,23OTHER,"Manufacture of glass, refractory, clay, porcelain, ceramic, stone products - 23.1-4/7-9"
Manufacture of cement ,2351,23.5-6,"Manufacture of cement, lime, plaster and articles of concrete, cement and plaster"
Manufacture of lime and plaster ,2352,23.5-6,"Manufacture of cement, lime, plaster and articles of concrete, cement and plaster"
Manufacture of concrete products for construction purposes ,2361,23.5-6,"Manufacture of cement, lime, plaster and articles of concrete, cement and plaster"
Manufacture of plaster products for construction purposes  ,2362,23.5-6,"Manufacture of cement, lime, plaster and articles of concrete, cement and plaster"
Manufacture of ready-mixed concrete ,2363,23.5-6,"Manufacture of cement, lime, plaster and articles of concrete, cement and plaster"
Manufacture of mortars  ,2364,23.5-6,"Manufacture of cement, lime, plaster and articles of concrete, cement and plaster"
Manufacture of fibre cement ,2365,23.5-6,"Manufacture of cement, lime, plaster and articles of concrete, cement and plaster"
"Manufacture of other articles of concrete, plaster and cement ",2369,23.5-6,"Manufacture of cement, lime, plaster and articles of concrete, cement and plaster"
"Cutting, shaping and finishing of stone",2370,23OTHER,"Manufacture of glass, refractory, clay, porcelain, ceramic, stone products - 23.1-4/7-9"
Production of abrasive products ,2391,23OTHER,"Manufacture of glass, refractory, clay, porcelain, ceramic, stone products - 23.1-4/7-9"
Manufacture of other non-metallic mineral products n.e.c.,2399,23OTHER,"Manufacture of glass, refractory, clay, porcelain, ceramic, stone products - 23.1-4/7-9"
Manufacture of basic iron and steel and of ferro-alloys ,2410,24.1-3,Manufacture of basic iron and steel
"Manufacture of tubes, pipes, hollow profiles and related fittings, of steel ",2420,24.1-3,Manufacture of basic iron and steel
Cold drawing of bars ,2431,24.1-3,Manufacture of basic iron and steel
Cold rolling of narrow strip ,2432,24.1-3,Manufacture of basic iron and steel
Cold forming or folding ,2433,24.1-3,Manufacture of basic iron and steel
Cold drawing of wire  ,2434,24.1-3,Manufacture of basic iron and steel
Precious metals production ,2441,24.4-5,Manufacture of other basic metals and casting
Aluminium production ,2442,24.4-5,Manufacture of other basic metals and casting
"Lead, zinc and tin production ",2443,24.4-5,Manufacture of other basic metals and casting
Copper production ,2444,24.4-5,Manufacture of other basic metals and casting
Other non-ferrous metal production ,2445,24.4-5,Manufacture of other basic metals and casting
Processing of nuclear fuel ,2446,24.4-5,Manufacture of other basic metals and casting
Casting of iron ,2451,24.4-5,Manufacture of other basic metals and casting
Casting of steel ,2452,24.4-5,Manufacture of other basic metals and casting
Casting of light metals,2453,24.4-5,Manufacture of other basic metals and casting
Casting of other non-ferrous metals ,2454,24.4-5,Manufacture of other basic metals and casting
Manufacture of metal structures and parts of structures ,2511,25OTHER,"Manufacture of fabricated metal products, excluding weapons & ammunition - 25.1-3/5-9"
Manufacture of doors and windows of metal ,2512,25OTHER,"Manufacture of fabricated metal products, excluding weapons & ammunition - 25.1-3/5-9"
Manufacture of central heating radiators and boilers  ,2521,25OTHER,"Manufacture of fabricated metal products, excluding weapons & ammunition - 25.1-3/5-9"
"Manufacture of other tanks, reservoirs and containers of metal ",2529,25OTHER,"Manufacture of fabricated metal products, excluding weapons & ammunition - 25.1-3/5-9"
"Manufacture of steam generators, except central heating hot water boilers ",2530,25OTHER,"Manufacture of fabricated metal products, excluding weapons & ammunition - 25.1-3/5-9"
Manufacture of weapons and ammunition  ,2540,25.4,Manufacture of weapons and ammunition
"Forging, pressing, stamping and roll-forming of metal; powder metallurgy ",2550,25OTHER,"Manufacture of fabricated metal products, excluding weapons & ammunition - 25.1-3/5-9"
Treatment and coating of metals ,2561,25OTHER,"Manufacture of fabricated metal products, excluding weapons & ammunition - 25.1-3/5-9"
Machining ,2562,25OTHER,"Manufacture of fabricated metal products, excluding weapons & ammunition - 25.1-3/5-9"
Manufacture of cutlery ,2571,25OTHER,"Manufacture of fabricated metal products, excluding weapons & ammunition - 25.1-3/5-9"
Manufacture of locks and hinges ,2572,25OTHER,"Manufacture of fabricated metal products, excluding weapons & ammunition - 25.1-3/5-9"
Manufacture of tools ,2573,25OTHER,"Manufacture of fabricated metal products, excluding weapons & ammunition - 25.1-3/5-9"
Manufacture of steel drums and similar containers  ,2591,25OTHER,"Manufacture of fabricated metal products, excluding weapons & ammunition - 25.1-3/5-9"
Manufacture of light metal packaging ,2592,25OTHER,"Manufacture of fabricated metal products, excluding weapons & ammunition - 25.1-3/5-9"
"Manufacture of wire products, chain and springs ",2593,25OTHER,"Manufacture of fabricated metal products, excluding weapons & ammunition - 25.1-3/5-9"
Manufacture of fasteners and screw machine products ,2594,25OTHER,"Manufacture of fabricated metal products, excluding weapons & ammunition - 25.1-3/5-9"
Manufacture of other fabricated metal products n.e.c. ,2599,25OTHER,"Manufacture of fabricated metal products, excluding weapons & ammunition - 25.1-3/5-9"
Manufacture of electronic components ,2611,26,"Manufacture Of Computer, Electronic And Optical Products  "
Manufacture of loaded electronic boards ,2612,26,"Manufacture Of Computer, Electronic And Optical Products  "
Manufacture of computers and peripheral equipment,2620,26,"Manufacture Of Computer, Electronic And Optical Products  "
Manufacture of communication equipment ,2630,26,"Manufacture Of Computer, Electronic And Optical Products  "
Manufacture of consumer electronics ,2640,26,"Manufacture Of Computer, Electronic And Optical Products  "
"Manufacture of instruments and appliances for measuring, testing and navigation ",2651,26,"Manufacture Of Computer, Electronic And Optical Products  "
Manufacture of watches and clocks ,2652,26,"Manufacture Of Computer, Electronic And Optical Products  "
"Manufacture of irradiation, electromedical and electrotherapeutic equipment  ",2660,26,"Manufacture Of Computer, Electronic And Optical Products  "
Manufacture of optical instruments and photographic equipment ,2670,26,"Manufacture Of Computer, Electronic And Optical Products  "
Manufacture of magnetic and optical media ,2680,26,"Manufacture Of Computer, Electronic And Optical Products  "
"Manufacture of electric motors, generators and transformers ",2711,27,Manufacture Of Electrical Equipment  
Manufacture of electricity distribution and control apparatus  ,2712,27,Manufacture Of Electrical Equipment  
Manufacture of batteries and accumulators  ,2720,27,Manufacture Of Electrical Equipment  
Manufacture of fibre optic cables  ,2731,27,Manufacture Of Electrical Equipment  
Manufacture of other electronic and electric wires and cables,2732,27,Manufacture Of Electrical Equipment  
Manufacture of wiring devices ,2733,27,Manufacture Of Electrical Equipment  
Manufacture of electric lighting equipment ,2740,27,Manufacture Of Electrical Equipment  
Manufacture of electric domestic appliances,2751,27,Manufacture Of Electrical Equipment  
Manufacture of non-electric domestic appliances  ,2752,27,Manufacture Of Electrical Equipment  
Manufacture of other electrical equipment ,2790,27,Manufacture Of Electrical Equipment  
"Manufacture of engines and turbines, except aircraft, vehicle and cycle engines  ",2811,28,Manufacture Of Machinery And Equipment N.E.C.  
Manufacture of fluid power equipment ,2812,28,Manufacture Of Machinery And Equipment N.E.C.  
Manufacture of other pumps and compressors,2813,28,Manufacture Of Machinery And Equipment N.E.C.  
Manufacture of other taps and valves ,2814,28,Manufacture Of Machinery And Equipment N.E.C.  
"Manufacture of bearings, gears, gearing and driving elements",2815,28,Manufacture Of Machinery And Equipment N.E.C.  
"Manufacture of ovens, furnaces and furnace burners ",2821,28,Manufacture Of Machinery And Equipment N.E.C.  
Manufacture of lifting and handling equipment,2822,28,Manufacture Of Machinery And Equipment N.E.C.  
Manufacture of office machinery and equipment (except computers and peripheral equipment) ,2823,28,Manufacture Of Machinery And Equipment N.E.C.  
Manufacture of power-driven hand tools ,2824,28,Manufacture Of Machinery And Equipment N.E.C.  
Manufacture of non-domestic cooling and ventilation equipment ,2825,28,Manufacture Of Machinery And Equipment N.E.C.  
Manufacture of other general-purpose machinery n.e.c. ,2829,28,Manufacture Of Machinery And Equipment N.E.C.  
Manufacture of agricultural and forestry machinery ,2830,28,Manufacture Of Machinery And Equipment N.E.C.  
Manufacture of metal forming machinery ,2841,28,Manufacture Of Machinery And Equipment N.E.C.  
Manufacture of other machine tools ,2849,28,Manufacture Of Machinery And Equipment N.E.C.  
Manufacture of machinery for metallurgy ,2891,28,Manufacture Of Machinery And Equipment N.E.C.  
"Manufacture of machinery for mining, quarrying and construction ",2892,28,Manufacture Of Machinery And Equipment N.E.C.  
"Manufacture of machinery for food, beverage and tobacco processing ",2893,28,Manufacture Of Machinery And Equipment N.E.C.  
"Manufacture of machinery for textile, apparel and leather production ",2894,28,Manufacture Of Machinery And Equipment N.E.C.  
Manufacture of machinery for paper and paperboard production ,2895,28,Manufacture Of Machinery And Equipment N.E.C.  
Manufacture of plastics and rubber machinery ,2896,28,Manufacture Of Machinery And Equipment N.E.C.  
Manufacture of other special-purpose machinery n.e.c.,2899,28,Manufacture Of Machinery And Equipment N.E.C.  
Manufacture of motor vehicles ,2910,29,"Manufacture Of Motor Vehicles, Trailers And Semi-Trailers  "
Manufacture of bodies (coachwork) for motor vehicles; manufacture of trailers and semi-trailers ,2920,29,"Manufacture Of Motor Vehicles, Trailers And Semi-Trailers  "
Manufacture of electrical and electronic equipment for motor vehicles,2931,29,"Manufacture Of Motor Vehicles, Trailers And Semi-Trailers  "
Manufacture of other parts and accessories for motor vehicles ,2932,29,"Manufacture Of Motor Vehicles, Trailers And Semi-Trailers  "
Building of ships and floating structures ,3011,30.1,Building of ships and boats
Building of pleasure and sporting boats ,3012,30.1,Building of ships and boats
Manufacture of railway locomotives and rolling stock ,3020,30OTHER,Manufacture of other transport equipment - 30.2/4/9
Manufacture of air and spacecraft and related machinery ,3030,30.3,Manufacture of air and spacecraft and related machinery
Manufacture of military fighting vehicles ,3040,30OTHER,Manufacture of other transport equipment - 30.2/4/9
Manufacture of motorcycles  ,3091,30OTHER,Manufacture of other transport equipment - 30.2/4/9
Manufacture of bicycles and invalid carriages ,3092,30OTHER,Manufacture of other transport equipment - 30.2/4/9
Manufacture of other transport equipment n.e.c.,3099,30OTHER,Manufacture of other transport equipment - 30.2/4/9
Manufacture of office and shop furniture ,3101,31,Manufacture Of Furniture  
Manufacture of kitchen furniture ,3102,31,Manufacture Of Furniture  
Manufacture of mattresses ,3103,31,Manufacture Of Furniture  
Manufacture of other furniture,3109,31,Manufacture Of Furniture  
Striking of coins ,3211,32,Other Manufacturing  
Manufacture of jewellery and related articles ,3212,32,Other Manufacturing  
Manufacture of imitation jewellery and related articles ,3213,32,Other Manufacturing  
Manufacture of musical instruments ,3220,32,Other Manufacturing  
Manufacture of sports goods ,3230,32,Other Manufacturing  
Manufacture of games and toys ,3240,32,Other Manufacturing  
Manufacture of medical and dental instruments and supplies ,3250,32,Other Manufacturing  
Manufacture of brooms and brushes ,3291,32,Other Manufacturing  
Other manufacturing n.e.c. ,3299,32,Other Manufacturing  
Repair of fabricated metal products ,3311,33OTHER,Rest of repair; Installation - 33.11-14/17/19/20
Repair of machinery ,3312,33OTHER,Rest of repair; Installation - 33.11-14/17/19/20
Repair of electronic and optical equipment  ,3313,33OTHER,Rest of repair; Installation - 33.11-14/17/19/20
Repair of electrical equipment ,3314,33OTHER,Rest of repair; Installation - 33.11-14/17/19/20
Repair and maintenance of ships and boats ,3315,33.15,Repair and maintenance of ships and boats
Repair and maintenance of aircraft and spacecraft ,3316,33.16,Repair and maintenance of aircraft and spacecraft
Repair and maintenance of transport equipment n.e.c. ,3317,33OTHER,Rest of repair; Installation - 33.11-14/17/19/20
Repair of other equipment ,3319,33OTHER,Rest of repair; Installation - 33.11-14/17/19/20
Installation of industrial machinery and equipment ,3320,33OTHER,Rest of repair; Installation - 33.11-14/17/19/20
Production of electricity ,3511,35.1,"Electric power generation, transmission and distribution"
Transmission of electricity ,3512,35.1,"Electric power generation, transmission and distribution"
Distribution of electricity ,3513,35.1,"Electric power generation, transmission and distribution"
Trade of electricity ,3514,35.1,"Electric power generation, transmission and distribution"
Manufacture of gas ,3521,35.2-3,Manufacture of gas; distribution of gaseous fuels through mains; steam and aircon supply
Distribution of gaseous fuels through mains ,3522,35.2-3,Manufacture of gas; distribution of gaseous fuels through mains; steam and aircon supply
Trade of gas through mains ,3523,35.2-3,Manufacture of gas; distribution of gaseous fuels through mains; steam and aircon supply
Steam and air conditioning supply ,3530,35.2-3,Manufacture of gas; distribution of gaseous fuels through mains; steam and aircon supply
"Water collection, treatment and supply ",3600,36,"Water Collection, Treatment And Supply  "
Sewerage ,3700,37,Sewerage  
Collection of non-hazardous waste ,3811,38,"Waste Collection, Treatment And Disposal Activities; Materials Recovery  "
Collection of hazardous waste,3812,38,"Waste Collection, Treatment And Disposal Activities; Materials Recovery  "
Treatment and disposal of non-hazardous waste ,3821,38,"Waste Collection, Treatment And Disposal Activities; Materials Recovery  "
Treatment and disposal of hazardous waste ,3822,38,"Waste Collection, Treatment And Disposal Activities; Materials Recovery  "
Dismantling of wrecks ,3831,38,"Waste Collection, Treatment And Disposal Activities; Materials Recovery  "
Recovery of sorted materials  ,3832,38,"Waste Collection, Treatment And Disposal Activities; Materials Recovery  "
Remediation activities and other waste management services ,3900,39,Remediation Activities And Other Waste Management Services  
Development of building projects ,4110,"41, 42 & 43",Construction
Construction of residential and non-residential buildings  ,4120,"41, 42 & 43",Construction
Construction of roads and motorways ,4211,"41, 42 & 43",Construction
Construction of railways and underground railways ,4212,"41, 42 & 43",Construction
Construction of bridges and tunnels ,4213,"41, 42 & 43",Construction
Construction of utility projects for fluids ,4221,"41, 42 & 43",Construction
Construction of utility projects for electricity and telecommunications ,4222,"41, 42 & 43",Construction
Construction of water projects  ,4291,"41, 42 & 43",Construction
Construction of other civil engineering projects n.e.c. ,4299,"41, 42 & 43",Construction
Demolition ,4311,"41, 42 & 43",Construction
Site preparation ,4312,"41, 42 & 43",Construction
Test drilling and boring ,4313,"41, 42 & 43",Construction
Electrical installation ,4321,"41, 42 & 43",Construction
"Plumbing, heat and air-conditioning installation  ",4322,"41, 42 & 43",Construction
Other construction installation ,4329,"41, 42 & 43",Construction
Plastering ,4331,"41, 42 & 43",Construction
Joinery installation ,4332,"41, 42 & 43",Construction
Floor and wall covering ,4333,"41, 42 & 43",Construction
Painting and glazing ,4334,"41, 42 & 43",Construction
Other building completion and finishing ,4339,"41, 42 & 43",Construction
Roofing activities,4391,"41, 42 & 43",Construction
Other specialised construction activities n.e.c.,4399,"41, 42 & 43",Construction
Sale of cars and light motor vehicles ,4511,45,Wholesale And Retail Trade And Repair Of Motor Vehicles And Motorcycles  
Sale of other motor vehicles ,4519,45,Wholesale And Retail Trade And Repair Of Motor Vehicles And Motorcycles  
Maintenance and repair of motor vehicles  ,4520,45,Wholesale And Retail Trade And Repair Of Motor Vehicles And Motorcycles  
Wholesale trade of motor vehicle parts and accessories ,4531,45,Wholesale And Retail Trade And Repair Of Motor Vehicles And Motorcycles  
Retail trade of motor vehicle parts and accessories  ,4532,45,Wholesale And Retail Trade And Repair Of Motor Vehicles And Motorcycles  
"Sale, maintenance and repair of motorcycles and related parts and accessories ",4540,45,Wholesale And Retail Trade And Repair Of Motor Vehicles And Motorcycles  
"Agents involved in the sale of agricultural raw materials, live animals, textile raw materials and semi-finished goods",4611,46,"Wholesale Trade, and Motor Vehicles And Motorcycles (non-Alcohol)  "
"Agents involved in the sale of fuels, ores, metals and industrial chemicals ",4612,46,"Wholesale Trade, and Motor Vehicles And Motorcycles (non-Alcohol)  "
Agents involved in the sale of timber and building materials ,4613,46,"Wholesale Trade, and Motor Vehicles And Motorcycles (non-Alcohol)  "
"Agents involved in the sale of machinery, industrial equipment, ships and aircraft ",4614,46,"Wholesale Trade, and Motor Vehicles And Motorcycles (non-Alcohol)  "
"Agents involved in the sale of furniture, household goods, hardware and ironmongery",4615,46,"Wholesale Trade, and Motor Vehicles And Motorcycles (non-Alcohol)  "
"Agents involved in the sale of textiles, clothing, fur, footwear and leather goods ",4616,46,"Wholesale Trade, and Motor Vehicles And Motorcycles (non-Alcohol)  "
"Agents involved in the sale of food, beverages and tobacco ",4617,46,"Wholesale Trade, and Motor Vehicles And Motorcycles (non-Alcohol)  "
Agents specialised in the sale of other particular products ,4618,46,"Wholesale Trade, and Motor Vehicles And Motorcycles (non-Alcohol)  "
Agents involved in the sale of a variety of goods ,4619,46,"Wholesale Trade, and Motor Vehicles And Motorcycles (non-Alcohol)  "
"Wholesale of grain, unmanufactured tobacco, seeds and animal feeds",4621,46,"Wholesale Trade, and Motor Vehicles And Motorcycles (non-Alcohol)  "
Wholesale of flowers and plants  ,4622,46,"Wholesale Trade, and Motor Vehicles And Motorcycles (non-Alcohol)  "
Wholesale of live animals ,4623,46,"Wholesale Trade, and Motor Vehicles And Motorcycles (non-Alcohol)  "
"Wholesale of hides, skins and leather ",4624,46,"Wholesale Trade, and Motor Vehicles And Motorcycles (non-Alcohol)  "
Wholesale of fruit and vegetables ,4631,46,"Wholesale Trade, and Motor Vehicles And Motorcycles (non-Alcohol)  "
Wholesale of meat and meat products ,4632,46,"Wholesale Trade, and Motor Vehicles And Motorcycles (non-Alcohol)  "
"Wholesale of dairy products, eggs and edible oils and fats  ",4633,46,"Wholesale Trade, and Motor Vehicles And Motorcycles (non-Alcohol)  "
Wholesale of beverages,4634,46,"Wholesale Trade, and Motor Vehicles And Motorcycles (non-Alcohol)  "
Wholesale of tobacco products ,4635,46,"Wholesale Trade, and Motor Vehicles And Motorcycles (non-Alcohol)  "
Wholesale of sugar and chocolate and sugar confectionery ,4636,46,"Wholesale Trade, and Motor Vehicles And Motorcycles (non-Alcohol)  "
"Wholesale of coffee, tea, cocoa and spices",4637,46,"Wholesale Trade, and Motor Vehicles And Motorcycles (non-Alcohol)  "
"Wholesale of other food, including fish, crustaceans and molluscs",4638,46,"Wholesale Trade, and Motor Vehicles And Motorcycles (non-Alcohol)  "
"Non-specialised wholesale of food, beverages and tobacco ",4639,46,"Wholesale Trade, and Motor Vehicles And Motorcycles (non-Alcohol)  "
Wholesale of textiles  ,4641,46,"Wholesale Trade, and Motor Vehicles And Motorcycles (non-Alcohol)  "
Wholesale of clothing and footwear,4642,46,"Wholesale Trade, and Motor Vehicles And Motorcycles (non-Alcohol)  "
Wholesale of electrical household appliances ,4643,46,"Wholesale Trade, and Motor Vehicles And Motorcycles (non-Alcohol)  "
Wholesale of china and glassware and cleaning materials ,4644,46,"Wholesale Trade, and Motor Vehicles And Motorcycles (non-Alcohol)  "
Wholesale of perfume and cosmetics ,4645,46,"Wholesale Trade, and Motor Vehicles And Motorcycles (non-Alcohol)  "
Wholesale of pharmaceutical goods ,4646,46,"Wholesale Trade, and Motor Vehicles And Motorcycles (non-Alcohol)  "
"Wholesale of furniture, carpets and lighting equipment ",4647,46,"Wholesale Trade, and Motor Vehicles And Motorcycles (non-Alcohol)  "
Wholesale of watches and jewellery ,4648,46,"Wholesale Trade, and Motor Vehicles And Motorcycles (non-Alcohol)  "
Wholesale of other household goods ,4649,46,"Wholesale Trade, and Motor Vehicles And Motorcycles (non-Alcohol)  "
"Wholesale of computers, computer peripheral equipment and software",4651,46,"Wholesale Trade, and Motor Vehicles And Motorcycles (non-Alcohol)  "
Wholesale of electronic and telecommunications equipment and parts ,4652,46,"Wholesale Trade, and Motor Vehicles And Motorcycles (non-Alcohol)  "
"Wholesale of agricultural machinery, equipment and supplies ",4661,46,"Wholesale Trade, and Motor Vehicles And Motorcycles (non-Alcohol)  "
Wholesale of machine tools,4662,46,"Wholesale Trade, and Motor Vehicles And Motorcycles (non-Alcohol)  "
"Wholesale of mining, construction and civil engineering machinery ",4663,46,"Wholesale Trade, and Motor Vehicles And Motorcycles (non-Alcohol)  "
Wholesale of machinery for the textile industry and of sewing and knitting machines ,4664,46,"Wholesale Trade, and Motor Vehicles And Motorcycles (non-Alcohol)  "
Wholesale of office furniture ,4665,46,"Wholesale Trade, and Motor Vehicles And Motorcycles (non-Alcohol)  "
Wholesale of other office machinery and equipment,4666,46,"Wholesale Trade, and Motor Vehicles And Motorcycles (non-Alcohol)  "
Wholesale of other machinery and equipment,4669,46,"Wholesale Trade, and Motor Vehicles And Motorcycles (non-Alcohol)  "
"Wholesale of solid, liquid and gaseous fuels and related products ",4671,46,"Wholesale Trade, and Motor Vehicles And Motorcycles (non-Alcohol)  "
Wholesale of metals and metal ores ,4672,46,"Wholesale Trade, and Motor Vehicles And Motorcycles (non-Alcohol)  "
"Wholesale of wood, construction materials and sanitary equipment  ",4673,46,"Wholesale Trade, and Motor Vehicles And Motorcycles (non-Alcohol)  "
"Wholesale of hardware, plumbing and heating equipment and supplies ",4674,46,"Wholesale Trade, and Motor Vehicles And Motorcycles (non-Alcohol)  "
Wholesale of chemical products ,4675,46,"Wholesale Trade, and Motor Vehicles And Motorcycles (non-Alcohol)  "
Wholesale of other intermediate products,4676,46,"Wholesale Trade, and Motor Vehicles And Motorcycles (non-Alcohol)  "
Wholesale of waste and scrap,4677,46,"Wholesale Trade, and Motor Vehicles And Motorcycles (non-Alcohol)  "
Non-specialised wholesale trade ,4690,46,"Wholesale Trade, and Motor Vehicles And Motorcycles (non-Alcohol)  "
"Retail sale in non-specialised stores with food, beverages or tobacco predominating ",4711,46,"Wholesale Trade, and Motor Vehicles And Motorcycles (non-Alcohol)  "
Other retail sale in non-specialised stores  ,4719,46,"Wholesale Trade, and Motor Vehicles And Motorcycles (non-Alcohol)  "
Retail sale of fruit and vegetables in specialised stores ,4721,46,"Wholesale Trade, and Motor Vehicles And Motorcycles (non-Alcohol)  "
Retail sale of meat and meat products in specialised stores,4722,46,"Wholesale Trade, and Motor Vehicles And Motorcycles (non-Alcohol)  "
"Retail sale of fish, crustaceans and molluscs in specialised stores ",4723,46,"Wholesale Trade, and Motor Vehicles And Motorcycles (non-Alcohol)  "
"Retail sale of bread, cakes, flour confectionery and sugar confectionery in specialised stores ",4724,46,"Wholesale Trade, and Motor Vehicles And Motorcycles (non-Alcohol)  "
Retail sale of beverages in specialised stores ,4725,46,"Wholesale Trade, and Motor Vehicles And Motorcycles (non-Alcohol)  "
Retail sale of tobacco products in specialised stores ,4726,46,"Wholesale Trade, and Motor Vehicles And Motorcycles (non-Alcohol)  "
Other retail sale of food in specialised stores ,4729,46,"Wholesale Trade, and Motor Vehicles And Motorcycles (non-Alcohol)  "
Retail sale of automotive fuel in specialised stores ,4730,46,"Wholesale Trade, and Motor Vehicles And Motorcycles (non-Alcohol)  "
"Retail sale of computers, peripheral units and software in specialised stores",4741,46,"Wholesale Trade, and Motor Vehicles And Motorcycles (non-Alcohol)  "
Retail sale of telecommunications equipment in specialised stores,4742,46,"Wholesale Trade, and Motor Vehicles And Motorcycles (non-Alcohol)  "
Retail sale of audio and video equipment in specialised stores ,4743,46,"Wholesale Trade, and Motor Vehicles And Motorcycles (non-Alcohol)  "
Retail sale of textiles in specialised stores ,4751,46,"Wholesale Trade, and Motor Vehicles And Motorcycles (non-Alcohol)  "
"Retail sale of hardware, paints and glass in specialised stores ",4752,46,"Wholesale Trade, and Motor Vehicles And Motorcycles (non-Alcohol)  "
"Retail sale of carpets, rugs, wall and floor coverings in specialised stores ",4753,46,"Wholesale Trade, and Motor Vehicles And Motorcycles (non-Alcohol)  "
Retail sale of electrical household appliances in specialised stores ,4754,46,"Wholesale Trade, and Motor Vehicles And Motorcycles (non-Alcohol)  "
"Retail sale of furniture, lighting equipment and other household articles in specialised stores ",4759,46,"Wholesale Trade, and Motor Vehicles And Motorcycles (non-Alcohol)  "
Retail sale of books in specialised stores ,4761,46,"Wholesale Trade, and Motor Vehicles And Motorcycles (non-Alcohol)  "
Retail sale of newspapers and stationery in specialised stores ,4762,46,"Wholesale Trade, and Motor Vehicles And Motorcycles (non-Alcohol)  "
Retail sale of music and video recordings in specialised stores ,4763,46,"Wholesale Trade, and Motor Vehicles And Motorcycles (non-Alcohol)  "
Retail sale of sporting equipment in specialised stores ,4764,46,"Wholesale Trade, and Motor Vehicles And Motorcycles (non-Alcohol)  "
Retail sale of games and toys in specialised stores ,4765,46,"Wholesale Trade, and Motor Vehicles And Motorcycles (non-Alcohol)  "
Retail sale of clothing in specialised stores ,4771,46,"Wholesale Trade, and Motor Vehicles And Motorcycles (non-Alcohol)  "
Retail sale of footwear and leather goods in specialised stores,4772,46,"Wholesale Trade, and Motor Vehicles And Motorcycles (non-Alcohol)  "
Dispensing chemist in specialised stores ,4773,46,"Wholesale Trade, and Motor Vehicles And Motorcycles (non-Alcohol)  "
Retail sale of medical and orthopaedic goods in specialised stores ,4774,46,"Wholesale Trade, and Motor Vehicles And Motorcycles (non-Alcohol)  "
Retail sale of cosmetic and toilet articles in specialised stores ,4775,46,"Wholesale Trade, and Motor Vehicles And Motorcycles (non-Alcohol)  "
"Retail sale of flowers, plants, seeds, fertilisers, pet animals and pet food in specialised stores",4776,46,"Wholesale Trade, and Motor Vehicles And Motorcycles (non-Alcohol)  "
Retail sale of watches and jewellery in specialised stores ,4777,46,"Wholesale Trade, and Motor Vehicles And Motorcycles (non-Alcohol)  "
Other retail sale of new goods in specialised stores,4778,46,"Wholesale Trade, and Motor Vehicles And Motorcycles (non-Alcohol)  "
Retail sale of second-hand goods in stores ,4779,46,"Wholesale Trade, and Motor Vehicles And Motorcycles (non-Alcohol)  "
"Retail sale via stalls and markets of food, beverages and tobacco products ",4781,46,"Wholesale Trade, and Motor Vehicles And Motorcycles (non-Alcohol)  "
"Retail sale via stalls and markets of textiles, clothing and footwear ",4782,46,"Wholesale Trade, and Motor Vehicles And Motorcycles (non-Alcohol)  "
Retail sale via stalls and markets of other goods ,4789,46,"Wholesale Trade, and Motor Vehicles And Motorcycles (non-Alcohol)  "
Retail sale via mail order houses or via Internet ,4791,46,"Wholesale Trade, and Motor Vehicles And Motorcycles (non-Alcohol)  "
"Other retail sale not in stores, stalls or markets  ",4799,46,"Wholesale Trade, and Motor Vehicles And Motorcycles (non-Alcohol)  "
"Passenger rail transport, interurban ",4910,47,Rail transport
Freight rail transport ,4920,47,Rail transport
Urban and suburban passenger land transport ,4931,49.1-2,"Land transport services and transport services via pipelines, excluding rail transport"
Taxi operation ,4932,49.1-2,"Land transport services and transport services via pipelines, excluding rail transport"
Other passenger land transport n.e.c.,4939,49.1-2,"Land transport services and transport services via pipelines, excluding rail transport"
Freight transport by road ,4941,49.1-2,"Land transport services and transport services via pipelines, excluding rail transport"
Removal services ,4942,49.1-2,"Land transport services and transport services via pipelines, excluding rail transport"
Transport via pipeline ,4950,49.1-2,"Land transport services and transport services via pipelines, excluding rail transport"
Sea and coastal passenger water transport ,5010,49.3-5,Water Transport  
Sea and coastal freight water transport,5020,49.3-5,Water Transport  
Inland passenger water transport  ,5030,49.3-5,Water Transport  
Inland freight water transport ,5040,49.3-5,Water Transport  
Passenger air transport ,5110,50,Air Transport  
Freight air transport ,5121,50,Air Transport  
Space transport ,5122,50,Air Transport  
Warehousing and storage,5210,51,Warehousing And Support Activities For Transportation  
Service activities incidental to land transportation,5221,51,Warehousing And Support Activities For Transportation  
Service activities incidental to water transportation,5222,51,Warehousing And Support Activities For Transportation  
Service activities incidental to air transportation ,5223,51,Warehousing And Support Activities For Transportation  
Cargo handling,5224,51,Warehousing And Support Activities For Transportation  
Other transportation support activities ,5229,51,Warehousing And Support Activities For Transportation  
Postal activities under universal service obligation ,5310,52,Postal And Courier Activities  
Other postal and courier activities,5320,52,Postal And Courier Activities  
Hotels and similar accommodation ,5510,53,Accommodation  (non-Alcohol)
Holiday and other short stay accommodation,5520,53,Accommodation  (non-Alcohol)
"Camping grounds, recreational vehicle parks and trailer parks ",5530,53,Accommodation  (non-Alcohol)
Other accommodation,5590,53,Accommodation  (non-Alcohol)
Restaurants and mobile food service activities ,5610,55,Food And Beverage Service Activities  (non-Alcohol)
Event catering activities ,5621,55,Food And Beverage Service Activities  (non-Alcohol)
Other food service activities ,5629,55,Food And Beverage Service Activities  (non-Alcohol)
Beverage serving activities ,5630,55,Food And Beverage Service Activities  (non-Alcohol)
Book publishing ,5811,56,Publishing Activities  
Publishing of directories and mailing lists,5812,56,Publishing Activities  
Publishing of newspapers  ,5813,56,Publishing Activities  
Publishing of journals and periodicals ,5814,56,Publishing Activities  
Other publishing activities ,5819,56,Publishing Activities  
Publishing of computer games ,5821,56,Publishing Activities  
Other software publishing ,5829,56,Publishing Activities  
"Motion picture, video and television programme production activities ",5911,58,"Motion Picture, Video & TV Programme Production, Sound Recording & Music Publishing Activities & Programming And Broadcasting Activities"
"Motion picture, video and television programme post-production activities ",5912,58,"Motion Picture, Video & TV Programme Production, Sound Recording & Music Publishing Activities & Programming And Broadcasting Activities"
"Motion picture, video and television programme distribution activities",5913,58,"Motion Picture, Video & TV Programme Production, Sound Recording & Music Publishing Activities & Programming And Broadcasting Activities"
Motion picture projection activities ,5914,58,"Motion Picture, Video & TV Programme Production, Sound Recording & Music Publishing Activities & Programming And Broadcasting Activities"
Sound recording and music publishing activities ,5920,58,"Motion Picture, Video & TV Programme Production, Sound Recording & Music Publishing Activities & Programming And Broadcasting Activities"
Radio broadcasting ,6010,58,"Motion Picture, Video & TV Programme Production, Sound Recording & Music Publishing Activities & Programming And Broadcasting Activities"
Television programming and broadcasting activities ,6020,58,"Motion Picture, Video & TV Programme Production, Sound Recording & Music Publishing Activities & Programming And Broadcasting Activities"
Wired telecommunications activities ,6110,59 & 60,Telecommunications  
Wireless telecommunications activities ,6120,59 & 60,Telecommunications  
Satellite telecommunications activities ,6130,59 & 60,Telecommunications  
Other telecommunications activities,6190,59 & 60,Telecommunications  
Computer programming activities   ,6201,61,"Computer Programming, Consultancy And Related Activities  "
Computer consultancy activities ,6202,61,"Computer Programming, Consultancy And Related Activities  "
Computer facilities management activities ,6203,61,"Computer Programming, Consultancy And Related Activities  "
Other information technology and computer service activities ,6209,61,"Computer Programming, Consultancy And Related Activities  "
"Data processing, hosting and related activities ",6311,62,Information Service Activities  
Web portals ,6312,62,Information Service Activities  
News agency activities ,6391,62,Information Service Activities  
Other information service activities n.e.c. ,6399,62,Information Service Activities  
Central banking ,6411,63,"Financial Service Activities, Except Insurance And Pension Funding  "
Other monetary intermediation ,6419,63,"Financial Service Activities, Except Insurance And Pension Funding  "
Activities of holding companies distribution,6420,63,"Financial Service Activities, Except Insurance And Pension Funding  "
"Trusts, funds and similar financial entities  ",6430,63,"Financial Service Activities, Except Insurance And Pension Funding  "
Financial leasing ,6491,63,"Financial Service Activities, Except Insurance And Pension Funding  "
Other credit granting,6492,63,"Financial Service Activities, Except Insurance And Pension Funding  "
"Other financial service activities, except insurance and pension funding, n.e.c.",6499,63,"Financial Service Activities, Except Insurance And Pension Funding  "
Life insurance ,6511,64,"Insurance and reinsurance, except compulsory social security & Pension funding"
Non-life insurance ,6512,64,"Insurance and reinsurance, except compulsory social security & Pension funding"
Reinsurance,6520,64,"Insurance and reinsurance, except compulsory social security & Pension funding"
Pension funding ,6530,64,"Insurance and reinsurance, except compulsory social security & Pension funding"
Administration of financial markets ,6611,65.1-2 & 65.3,Activities Auxiliary To Financial Services And Insurance Activities  
Security and commodity contracts brokerage ,6612,65.1-2 & 65.3,Activities Auxiliary To Financial Services And Insurance Activities  
"Other activities auxiliary to financial services, except insurance and pension funding",6619,65.1-2 & 65.3,Activities Auxiliary To Financial Services And Insurance Activities  
Risk and damage evaluation ,6621,65.1-2 & 65.3,Activities Auxiliary To Financial Services And Insurance Activities  
Activities of insurance agents and brokers ,6622,65.1-2 & 65.3,Activities Auxiliary To Financial Services And Insurance Activities  
Other activities auxiliary to insurance and pension funding ,6629,65.1-2 & 65.3,Activities Auxiliary To Financial Services And Insurance Activities  
Fund management activities ,6630,65.1-2 & 65.3,Activities Auxiliary To Financial Services And Insurance Activities  
Buying and selling of own real estate ,6810,66,"Buying and selling, renting and operating of own or leased real estate, excluding imputed rent"
Renting and operating of own or leased real estate ,6820,66,"Buying and selling, renting and operating of own or leased real estate, excluding imputed rent"
Real estate agencies ,6831,68.1-2,Real estate activities on a fee or contract basis  
Management of real estate on a fee or contract basis ,6832,68.1-2,Real estate activities on a fee or contract basis  
Legal activities,6910,68.2IMP,Legal activities  
"Accounting, bookkeeping and auditing activities; tax consultancy",6920,68.3,"Accounting, bookkeeping and auditing activities; tax consultancy  "
Activities of head offices ,7010,69.1,Activities Of Head Offices; Management Consultancy Activities  
Public relations and communication activities,7021,69.1,Activities Of Head Offices; Management Consultancy Activities  
Business and other management consultancy activities ,7022,69.1,Activities Of Head Offices; Management Consultancy Activities  
Architectural activities ,7111,69.2,Architectural And Engineering Activities; Technical Testing And Analysis  
Engineering activities and related technical consultancy,7112,69.2,Architectural And Engineering Activities; Technical Testing And Analysis  
Technical testing and analysis ,7120,69.2,Architectural And Engineering Activities; Technical Testing And Analysis  
Research and experimental development on biotechnology ,7211,70,Scientific Research And Development  
Other research and experimental development on natural sciences and engineering ,7219,70,Scientific Research And Development  
Research and experimental development on social sciences and humanities ,7220,70,Scientific Research And Development  
Advertising agencies ,7311,71,Advertising And Market Research  
Media representation ,7312,71,Advertising And Market Research  
Market research and public opinion polling ,7320,71,Advertising And Market Research  
Specialised design activities ,7410,72,"Other Professional, Scientific And Technical Activities  "
Photographic activities,7420,72,"Other Professional, Scientific And Technical Activities  "
Translation and interpretation activities ,7430,72,"Other Professional, Scientific And Technical Activities  "
"Other professional, scientific and technical activities n.e.c. ",7490,72,"Other Professional, Scientific And Technical Activities  "
Veterinary activities ,7500,73,Veterinary Activities  
Renting and leasing of cars and light motor vehicles ,7711,74,Rental And Leasing Activities  
Renting and leasing of trucks ,7712,74,Rental And Leasing Activities  
Renting and leasing of recreational and sports goods ,7721,74,Rental And Leasing Activities  
Renting of video tapes and disks ,7722,74,Rental And Leasing Activities  
Renting and leasing of other personal and household goods,7729,74,Rental And Leasing Activities  
Renting and leasing of agricultural machinery and equipment ,7731,74,Rental And Leasing Activities  
Renting and leasing of construction and civil engineering machinery and equipment ,7732,74,Rental And Leasing Activities  
Renting and leasing of office machinery and equipment (including computers) ,7733,74,Rental And Leasing Activities  
Renting and leasing of water transport equipment,7734,74,Rental And Leasing Activities  
Renting and leasing of air transport equipment,7735,74,Rental And Leasing Activities  
"Renting and leasing of other machinery, equipment and tangible goods n.e.c. ",7739,74,Rental And Leasing Activities  
"Leasing of intellectual property and similar products, except copyrighted works ",7740,74,Rental And Leasing Activities  
Activities of employment placement agencies ,7810,75,Employment Activities  
Temporary employment agency activities ,7820,75,Employment Activities  
Other human resources provision ,7830,75,Employment Activities  
Travel agency activities ,7911,77,"Travel Agency, Tour Operator And Other Reservation Service And Related Activities  "
Tour operator activities ,7912,77,"Travel Agency, Tour Operator And Other Reservation Service And Related Activities  "
Other reservation service and related activities ,7990,77,"Travel Agency, Tour Operator And Other Reservation Service And Related Activities  "
Private security activities,8010,78,Security And Investigation Activities  
Security systems service activities ,8020,78,Security And Investigation Activities  
Investigation activities ,8030,78,Security And Investigation Activities  
Combined facilities support activities  ,8110,79,Services To Buildings And Landscape Activities  
General cleaning of buildings ,8121,79,Services To Buildings And Landscape Activities  
Other building and industrial cleaning activities ,8122,79,Services To Buildings And Landscape Activities  
Other cleaning activities ,8129,79,Services To Buildings And Landscape Activities  
Landscape service activities ,8130,79,Services To Buildings And Landscape Activities  
Combined office administrative service activities ,8211,80,"Office Administrative, Office Support And Other Business Support Activities  "
"Photocopying, document preparation and other specialised office support activities ",8219,80,"Office Administrative, Office Support And Other Business Support Activities  "
Activities of call centres ,8220,80,"Office Administrative, Office Support And Other Business Support Activities  "
Convention and trade show organizers,8230,80,"Office Administrative, Office Support And Other Business Support Activities  "
Activities of collection agencies and credit bureaus,8291,80,"Office Administrative, Office Support And Other Business Support Activities  "
Packaging activities,8292,80,"Office Administrative, Office Support And Other Business Support Activities  "
Other business support service activities n.e.c. ,8299,80,"Office Administrative, Office Support And Other Business Support Activities  "
General public administration activities ,8411,81,Public Administration And Defence; Compulsory Social Security  
"Regulation of the activities of providing health care, education, cultural services and other social services, excluding social security ",8412,81,Public Administration And Defence; Compulsory Social Security  
Regulation of and contribution to more efficient operation of businesses ,8413,81,Public Administration And Defence; Compulsory Social Security  
Foreign affairs ,8421,81,Public Administration And Defence; Compulsory Social Security  
Defence activities ,8422,81,Public Administration And Defence; Compulsory Social Security  
Justice and judicial activities ,8423,81,Public Administration And Defence; Compulsory Social Security  
Public order and safety activities ,8424,81,Public Administration And Defence; Compulsory Social Security  
Fire service activities ,8425,81,Public Administration And Defence; Compulsory Social Security  
Compulsory social security activities ,8430,81,Public Administration And Defence; Compulsory Social Security  
Pre-primary education ,8510,82,Education  
Primary education ,8520,82,Education  
General secondary education ,8531,82,Education  
Technical and vocational secondary education ,8532,82,Education  
Post-secondary non-tertiary education ,8541,82,Education  
Tertiary education,8542,82,Education  
Sports and recreation education  ,8551,82,Education  
Cultural education ,8552,82,Education  
Driving school activities ,8553,82,Education  
Other education n.e.c. ,8559,82,Education  
Educational support activities,8560,82,Education  
Hospital activities,8610,84,Human Health Activities
General medical practice activities,8621,84,Human Health Activities
Specialist medical practice activities ,8622,84,Human Health Activities
Dental practice activities ,8623,84,Human Health Activities
Other human health activities  ,8690,84,Human Health Activities
Residential nursing care activities ,8710,85,Residential Care  & Social Work Activities
"Residential care activities for mental retardation, mental health and substance abuse ",8720,85,Residential Care  & Social Work Activities
Residential care activities for the elderly and disabled ,8730,85,Residential Care  & Social Work Activities
Other residential care activities ,8790,85,Residential Care  & Social Work Activities
Social work activities without accommodation for the elderly and disabled ,8810,85,Residential Care  & Social Work Activities
Child day-care activities ,8891,85,Residential Care  & Social Work Activities
Other social work activities without accommodation n.e.c. ,8899,85,Residential Care  & Social Work Activities
Performing arts ,9001,86,"Creative, Arts And Entertainment Activities  "
Support activities to performing arts ,9002,86,"Creative, Arts And Entertainment Activities  "
Artistic creation ,9003,86,"Creative, Arts And Entertainment Activities  "
Operation of arts facilities,9004,86,"Creative, Arts And Entertainment Activities  "
Library and archive activities ,9101,87 & 88,"Libraries, Archives, Museums And Other Cultural Activities  "
Museum activities ,9102,87 & 88,"Libraries, Archives, Museums And Other Cultural Activities  "
Operation of historical sites and buildings and similar visitor attractions ,9103,87 & 88,"Libraries, Archives, Museums And Other Cultural Activities  "
Botanical and zoological gardens and nature reserve activities ,9104,87 & 88,"Libraries, Archives, Museums And Other Cultural Activities  "
Gambling and betting activities ,9200,90,Gambling And Betting Activities  
Operation of sports facilities ,9311,91,Sports Activities And Amusement And Recreation Activities  
Activities of sport clubs ,9312,91,Sports Activities And Amusement And Recreation Activities  
Fitness facilities ,9313,91,Sports Activities And Amusement And Recreation Activities  
Other sports activities ,9319,91,Sports Activities And Amusement And Recreation Activities  
Activities of amusement parks and theme parks ,9321,91,Sports Activities And Amusement And Recreation Activities  
Other amusement and recreation activities  ,9329,91,Sports Activities And Amusement And Recreation Activities  
Activities of business and employers membership organisations ,9411,92,Activities Of Membership Organisations  
Activities of professional membership organisations ,9412,92,Activities Of Membership Organisations  
Activities of trade unions ,9420,92,Activities Of Membership Organisations  
Activities of religious organisations  ,9491,92,Activities Of Membership Organisations  
Activities of political organisations ,9492,92,Activities Of Membership Organisations  
Activities of other membership organisations n.e.c. ,9499,92,Activities Of Membership Organisations  
Repair of computers and peripheral equipment ,9511,93,Repair Of Computers And Personal And Household Goods  
Repair of communication equipment ,9512,93,Repair Of Computers And Personal And Household Goods  
Repair of consumer electronics  ,9521,93,Repair Of Computers And Personal And Household Goods  
Repair of household appliances and home and garden equipment ,9522,93,Repair Of Computers And Personal And Household Goods  
Repair of footwear and leather goods  ,9523,93,Repair Of Computers And Personal And Household Goods  
Repair of furniture and home furnishings ,9524,93,Repair Of Computers And Personal And Household Goods  
"Repair of watches, clocks and jewellery ",9525,93,Repair Of Computers And Personal And Household Goods  
Repair of other personal and household goods ,9529,93,Repair Of Computers And Personal And Household Goods  
Washing and (dry-)cleaning of textile and fur products ,9601,94,Other Personal Service Activities  
Hairdressing and other beauty treatment ,9602,94,Other Personal Service Activities  
Funeral and related activities ,9603,94,Other Personal Service Activities  
Physical well-being activities ,9604,94,Other Personal Service Activities  
Other personal service activities n.e.c,9609,94,Other Personal Service Activities  
Activities of households as employers of domestic personnel ,9700,94,Other Personal Service Activities  
